case_id,token,year,source,original_url,recovered_url,identity_status,title,excerpt,evidence_sha256,human_label,reviewer_id
1602276b4e50ed386070fddf0c50016774f3c09bd0d036a221df2a1d4141ea51,PROTEST,2015,gazettelive.co.uk,http://www.gazettelive.co.uk/all-about/proms,https://www.gazettelive.co.uk/all-about/proms,identity_probable_manual_review_required,,,ea1b90b9b01bb388b49414ac6cf541aecac82b1e30a6547c3234d7af63e1dcea,,
059e4a028840d33b260eb5959ca1b0b5570f5eb4bed0502e80ffc544715e49b8,PROTEST,2015,blogspot.com,http://livefriendie.blogspot.com/2015/03/first-thoughts-washington-braces-for.html,,identity_unresolved,,,ddc9f6525c7db64dcfe631a6c5082550c4217ad1a4776057bb34fe5106a8086a,,
0975a6d7ff58d8349f2913a1c213dbde5a8a92fcfdf094bcc42af92f95d99a61,PROTEST,2015,newsmax.com,http://www.newsmax.com/world/europe/french-nuclear-power-plant/2015/03/01/id/627599/,,identity_unresolved,,,6789a4d83d81d6376e13b809a9bfad0790985b91384e8a19f1821cfa42441ecc,,
6e42d61c10a26a70ebffdef9b9bc5594ed8c8b10befa8711f422975098739f20,PROTEST,2015,forbes.com,http://www.forbes.com/sites/parmyolson/2015/03/01/samsung-galaxy-s6-cool-curves-lightning-fast-camera/,,identity_unresolved,,,62da62186dbb707db8bfb69a2bf12c9f3ea33cdb7374d6f9e5e822238675e5cc,,
d8532229391a18fefabb65a936fa1dd9e1412f99856a3397432ecb1db3f245f7,PROTEST,2015,japantoday.com,http://www.japantoday.com/category/travel/view/enjoy-early-cherry-blossoms-in-kawazu,http://www.japantoday.com/category/travel/view/enjoy-early-cherry-blossoms-in-kawazu,identity_unresolved,,,285f94db78931b8876a34194f3c3aec87a63dbc2b64e50877d1bad613745b07e,,
6398991d35491b49f151c76a31145374200501dfe93c225ecc4aadc6e74ff7be,PROTEST,2015,ktvl.com,http://www.ktvl.com/template/inews_wire/wires.international/322720c8-www.ktvl.com.shtml,https://ktvl.com/template/inews_wire/wires.international/322720c8-www.ktvl.com.shtml,identity_unresolved,,,3ea64d3ee289f9ad689b907eaebd1d18770b4d0506c758a82d5da2a9e0d3699b,,
dac075980fef5ba319d16299004ee42dd8078b5998d4256be36605595d576bca,PROTEST,2016,pafoa.org,http://forum.pafoa.org/external.php?s=badaa8c732286a0e2ebc6808e789db6d&type=RSS2&forumids=21,,identity_unresolved,,,f872d16a5b4e2dab77f902db47a26fca1788b6ded93c0c4f9dcdd1ed8f70c0cf,,
a3ab1fe881d542662e2d829aa7620323d4b05cbc0fd343b5bd84b288cdece8f6,PROTEST,2016,chroniclejournal.com,http://www.chroniclejournal.com/news/world/the-latest-xi-tells-skorea-he-is-against-us-missile/article_22edb64a-eb0b-54cf-b411-7b230694efcd.html,http://www.chroniclejournal.com/news/world/the-latest-xi-tells-skorea-he-is-against-us-missile/article_22edb64a-eb0b-54cf-b411-7b230694efcd.html,identity_unresolved,,,29da0aa93e1e3481410238483247d64a66bcb201229ef8f8249dce4adf8e137a,,
353c8c3c15b6c00094253b91f22257123da38b84cb25e9da7713ff155011b7c3,PROTEST,2016,artdaily.com,http://artdaily.com/news/89396/Exhibition-of-works-by-Jock-Sturges-opens-at-Lumiere-Brothers-Center-for-Photography,https://artdaily.cc/news/89396/Exhibition-of-works-by-Jock-Sturges-opens-at-Lumiere-Brothers-Center-for-Photography,identity_unresolved,,,6eccd7d013529ddc7a993d012c42be5ec9fbcca4b715a76dc7b57e1ff9aafcc7,,
203a52b947ffdbbc85010595376f705729d4a764684c8948d2ef3ea805d3c260,PROTEST,2016,in.com,http://www.in.com/news/current-affairs/eliminate-safe-havens-for-economic-offenders-pm-narendra-modi-tells-g20-65923911-in-1.html,https://www.news18.com/entertainment/?utm_source=indotcom&utm_medium=Referral&utm_campaign=indotcom_domain_redirect,identity_unresolved,,,510b8d80a44277e468f95bf96ba995a0b25908f42f3db446407d74704cd7e9de,,
c519f63826ef0e72cb7db199a7d86d56c39f7ce05fbd513db3fbf0e62238f78c,PROTEST,2016,in.com,http://www.in.com/news/current-affairs/g20-summit-pm-modi-meets-british-pm-theresa-may-65923931-in-1.html,https://www.news18.com/entertainment/?utm_source=indotcom&utm_medium=Referral&utm_campaign=indotcom_domain_redirect,identity_unresolved,,,49f7fc4f6a7dfe4d7657f5cd5572b7f4f1fce677fb1de1265ee4749fe39aea24,,
638434487ee4f995e817de3152937ca38f7ae6f5922cb50d377175f75301e83d,PROTEST,2016,southwalesargus.co.uk,http://www.southwalesargus.co.uk/news/national/14722953.Stunning_images_win_British_Wildlife_Photography_Awards/,http://www.southwalesargus.co.uk/news/national/14722953.Stunning_images_win_British_Wildlife_Photography_Awards/,identity_unresolved,,,090eb46a0c85716b39af289e63a8bb38be9a37a870d139b99061d2407bef9205,,
a09f8e635c68d00d02c82f6030a069a7d664ccd5b370c11121e88b19e430ca65,PROTEST,2020,msn.com,https://www.msn.com/en-gb/news/world/hundreds-of-thai-students-rally-to-demand-school-reform/ar-BB18JwVt,https://www.msn.cn/zh-cn,identity_mismatch,MSN,,6654ca68c46d3305569a6920d1637f03b97e217ddfabc32d46953228ec2dc9f3,,
ade26e55394878b569bcf53d4e088acb64b5307d865ecf0f6e27bea7c61ab156,PROTEST,2020,suntimes.com,https://chicago.suntimes.com/2020/1/22/21063016/mike-fricilone-congress-house-rep-3rd-district-republican-nominee-candidate-2020-general-election,https://chicago.suntimes.com/2020/1/22/21063016/mike-fricilone-congress-house-rep-3rd-district-republican-nominee-candidate-2020-general-election,identity_unresolved,,,8e6e9e5b42ca26f970da071e1ed56147d4d85df625e529286d7c15f8ef499ea6,,
f5a93936a907ebda45a88161b801f443f3978de1ee5538c7e9e8b0c291e2ae04,PROTEST,2020,modernghana.com,https://www.modernghana.com/news/1027572/fears-for-congolese-nobel-laureate-mukwege-amid.html,,identity_unresolved,,,17a275ff66e4673545601276f371126a154376ac66b5cc9cf617245ac9207f14,,
beb9b1e5be0ddf28d6c2b6108c3561d0ea56645766dd9ec23dc0ae2ef47f6c11,PROTEST,2020,wdiy.org,https://www.wdiy.org/post/review-federal-charges-portland-unrest-show-most-are-misdemeanors,,identity_unresolved,,,8ee92b9890332ee656ce62e40778357a82ae52a42d68fd3ee937072d54c0f648,,
ac3ecce35a0ccd9483e1907bb0a262ba8fe51099f0bf3c367949a429da1112fe,PROTEST,2020,pantagraph.com,https://www.pantagraph.com/news/national/asia-today-australian-police-make-arrests-at-rallies/article_0fc51b27-eddc-5c3c-9414-f0f3008e9fc7.html,https://www.pantagraph.com/news/national/asia-today-australian-police-make-arrests-at-rallies/article_0fc51b27-eddc-5c3c-9414-f0f3008e9fc7.html,identity_unresolved,,,4054ae8b383ba2892ae06c88804724b5ca0c895a5f7724b500638fd3ec5d766e,,
fdf4e8e8fd4387f8734c40cffd6936c0ee5fb1897b6fe378d8225ba0880c4eaa,PROTEST,2020,bizpacreview.com,https://www.bizpacreview.com/2020/09/05/troopers-rip-belligerent-blm-protester-from-vehicle-arrests-defiant-road-blockers-near-seattle-968299,https://www.bizpacreview.com/2020/09/05/troopers-rip-belligerent-blm-protester-from-vehicle-arrests-defiant-road-blockers-near-seattle-968299/,identity_probable_manual_review_required,,,7af75f95f2e54a9770f5ea482f7e79179a0e8173aeb5d541527f33c67b31d75c,,
17a5865cdaaf04c4d071597771621f625599313f9f23a064fe26670a7d1d5724,PROTEST,2023,classicrock1051.com,https://classicrock1051.com/slayer-all-118-songs-ranked-from-worst-to-best/,,identity_unresolved,,,a1c3123230ff56a35d1045273b81af1eab0327d72825df7bdf842fc040c5dc02,,
d1b78af3b8889995fe7b108f05a8f8fc7011421a3ff2dd0fe0fa49c4fd78c6bd,PROTEST,2023,marketscreener.com,https://www.marketscreener.com/quote/stock/URANIUM-ROYALTY-CORP-84821146/news/Uranium-Royalty-Management-Information-Circular-Form-6-K-44774908/,https://www.marketscreener.com/quote/stock/URANIUM-ROYALTY-CORP-84821146/news/Uranium-Royalty-Management-Information-Circular-Form-6-K-44774908/,identity_unresolved,,,c69bda8fa9493d012e74df435dcdf47a819a40082abb042929788a40926f7de7,,
bffce306de9a2206c4f0edb8f9ed4de87e5df9f354c956c5e5bb2fe76e9e7631,PROTEST,2023,menafn.com,https://menafn.com/1107010760/Cronos-Labs-Launches-100M-Web3-Startup-Accelerator,https://menafn.com/1107010760/Cronos-Labs-Launches-100M-Web3-Startup-Accelerator,identity_unresolved,,,55207ed41367bbce0480ef9dd42c74c402c70936207be41ccf77cfc3129870f7,,
71c9cfa69671c466c669db1b6ea821cb995c14eee57265b44ca297b815515b98,PROTEST,2023,india.com,https://zeenews.india.com:443/india/section-144-imposed-in-noida-puja-namaz-banned-at-public-places-2658445.html,,identity_unresolved,,,1b3ec3b68089a328d4b10e625d408c338075317971e35c3c1a60ddf52e766db6,,
cc98f37af75fe7fc1175388f5939a770fc7938d3f9169e585ee1f4761f0859ce,PROTEST,2023,theoaklandpress.com,https://www.theoaklandpress.com/2023/09/05/uaws-clash-with-big-3-automakers-shows-off-a-more-confrontational-union-as-strike-deadline-looms/,,identity_unresolved,,,69a4161abeede5d7fb90bfed8b7e6ac799e2c990123b1b4ba6e630d1d27db119,,
5108cfc82f28b504394f4992cd9f6e3568a313579e57df3e2725245f6559911d,PROTEST,2023,edmontonsun.com,https://edmontonsun.com/entertainment/movies/hollywood-strike-stings-warner-bros-profit-outlook-for-year-trimmed-by-500-million,https://edmontonsun.com/entertainment/movies/hollywood-strike-stings-warner-bros-profit-outlook-for-year-trimmed-by-500-million/wcm/2fb292d9-15c9-4e4a-9d90-c51484e4112b,identity_unresolved,,,24e0dc17850275fd73afc73c29e5cb12503604ddea4ac2eb58c23013a07758cb,,
620f235ee73d370e9f542cf648cea46990651a236dc64ea224855ab7fed1ba0b,PROTEST,2025,mycowichanvalleynow.com,https://www.mycowichanvalleynow.com/uncategorized/,https://www.mycowichanvalleynow.com/uncategorized/,identity_unresolved,,,4f1bfe6011115181135f8e46160164f5bab666047065d104af4a7a7a63439d15,,
c9951a4104d39371a0f2f949d29a1197301a4ceff2de21d5614e2d87509ac60e,PROTEST,2025,island.lk,https://island.lk/left-right-or-forward/,,identity_unresolved,,,587994f2b9a5c59fa8c9db3a066b2dd056e5887f77338d7b0372359a6d51ecf6,,
e6a28be6a9faf1c3fd76e41313504842e221e5b21a476f2c617fbfd5aecee8db,PROTEST,2025,channelstv.com,https://www.channelstv.com/2025/09/04/tinubu-approves-%E2%82%A61-85bn-for-education-rehabilitation-of-rescued-chibok-girls/,https://www.channelstv.com/2025/09/04/tinubu-approves-%E2%82%A61-85bn-for-education-rehabilitation-of-rescued-chibok-girls/,identity_mismatch,,,c733ae73a93c5d639a226683596d369024507853ac86f3b130b9933ce4edabae,,
d6a2fd35c744c22fb7d36a15e26b572f6bd066936b2278759ae1014a3551290b,PROTEST,2025,yahoo.com,https://finance.yahoo.com/news/think-too-buy-nvidia-heres-155526827.html,https://finance.yahoo.com/news/think-too-buy-nvidia-heres-155526827.html,identity_unresolved,,,8a3b65870c59785f4eee856de7feb74e9cf4c0464591310a9536f86619aeb53e,,
1ec0c4b40166feadfc0f984e68a4ea712c386ff88656039ce697b93dca22dedc,PROTEST,2025,tennesseedaily.com,http://www.tennesseedaily.com/news/278553778/electric-metals-usa-limited-announces-results-of-annual-and-special-shareholder-meeting,http://www.tennesseedaily.com/news/278553779/electric-metals-usa-limited-announces-results-of-annual-and-special-shareholder-meeting,identity_mismatch,,,e8d43aee8125609850d32436b2cb3b403129ad6f4ae11c94ddc497e4e32b2183,,
474747d9563c3ff57781a86720bc62634ffdecbeaf19f6deb8505f5f206a43dd,PROTEST,2025,wtae.com,https://www.wtae.com/article/supreme-court-trump-tariffs-refund-case/65981915,https://www.wtae.com/article/supreme-court-trump-tariffs-refund-case/65981915,identity_unresolved,,,b7af26630b3577005eab690520bd73e75f963cef3cd3f5dff7c26781af0bcc77,,
de1fdf329c90565b612f6983b9a1bde59fa828d88d73119e01ee88aa7f80cfbf,PROTEST,2026,pressrepublican.com,https://www.pressrepublican.com/news/aarch-announces-preservation-awards/article_43ad902c-3e20-49a1-85ff-02390b5f7b31.html,https://www.pressrepublican.com/news/aarch-announces-preservation-awards/article_43ad902c-3e20-49a1-85ff-02390b5f7b31.html,identity_unresolved,,,516141c4f403a479c2c8387174dbe30afa11139048d4e8e3af9aecba927f3d35,,
0e229966827c46ed3a1e1e86507d8344cb7d5b7ecc1bf094f948d52a3b6b867b,PROTEST,2026,theatlantic.com,https://www.theatlantic.com/magazine/2026/09/al-qaeda-25-years-post-9-11/687965/,,identity_unresolved,,,ac6db2e54cdc9624dae6caffa631f1f4623a6b3642a3f19db0c3a3362fa5365b,,
194bde000746759edf4a787b6c7794c5153068695b5e7df3f74f308a69c1b654,PROTEST,2026,arabherald.com,http://www.arabherald.com/news/279223164/international-exhibitions-add-cultural-appeal-to-china-summer-travel-season,http://www.arabherald.com/news/279223164/international-exhibitions-add-cultural-appeal-to-china-summer-travel-season,identity_probable_manual_review_required,,,8870d27b8f04edcede46ecb71b327ab8d46b79e9987e627f8661a1a170aeb6de,,
fe06652e1d34ae9808843795bc3d7cbdbb40e7684a82819e68d5a2db6d01d0e0,PROTEST,2026,finanznachrichten.de,https://www.finanznachrichten.de/nachrichten-2026-08/69223821-lodestar-metals-corp-lodestar-metals-reports-bulk-tonnage-gold-silver-potential-at-the-gold-run-project-in-nevada-296.htm,https://www.finanznachrichten.de/nachrichten-2026-08/69223821-lodestar-metals-corp-lodestar-metals-reports-bulk-tonnage-gold-silver-potential-at-the-gold-run-project-in-nevada-296.htm,identity_probable_manual_review_required,,,b7d826eb7efe28ac6ae1d91e701b035298f3da92b4f9425759e40a4c079232be,,
81926410025d3af57b271015c2e4f5ac56930fa637092775618555496c3f4c52,PROTEST,2026,newstribune.com,https://www.newstribune.com/news/2026/aug/05/as-farmfest-opens-pork-industry-braces-for-change/,,identity_unresolved,,,48b262e3bcd32952c44ccdfe1e4b75e15eb0e68431ab8aae74bc5730753bbbb1,,
aa3c13c04a9438f92d6274caa8d3856ad5389c7992191e79d4d261f1ee07e16f,PROTEST,2026,times-news.com,https://www.times-news.com/news/photos-cruisin-main-street/article_4b27eac1-195c-442c-bc92-28808a8c9cf7.html,https://www.times-news.com/news/photos-cruisin-main-street/article_4b27eac1-195c-442c-bc92-28808a8c9cf7.html,identity_unresolved,,,6d1c7949e7db2983a1d7a754ec8fad1a7d1bbc9a8a655badd557d8579565deef,,
cbce9e60ae983cdb56cd56de3d36219b8ef91ac5624592a950eb288696d85bb7,PROTEST,2026,marxist.com,https://marxist.com/the-movement-against-the-vietnam-war-when-the-colossus-trembled.htm,,identity_unresolved,,,94f252dcc871908b009156762b49c036f394c4b9fb67ac318b06c51a098366ca,,
da6e620ba0d3f4b525dd01fc6347fa38f16a63b3dc790fd6f1009e1b3eaae756,PROTEST,2026,thenewsherald.com,https://www.thenewsherald.com/2026/09/04/flock-surveillance-cameras-midterm-elections/,,identity_unresolved,,,dae1deba3f17ffadba8eb33d2f3c36e0acce46eea46d9083989a274932324d60,,
da06132eebc199a31debb4dec3b1d7d8d219ead51f657ce36e67f791b357281a,PROTEST,2026,bnionline.net,https://www.bnionline.net/en/news/thandwe-residents-flee-intense-myanmar-military-airstrikes-batter-arakan-state,https://www.bnionline.net/en/news/thandwe-residents-flee-intense-myanmar-military-airstrikes-batter-arakan-state,identity_probable_manual_review_required,,,b376e58e91c9fa030e3d4dc58016fddd38524ba6e4fbacb26cc8801de3b5d3d5,,
31ac5c5e5ed0addd87b857056bf3417ae61eeb100b20f12e920d961a498d8c70,PROTEST,2026,wgauradio.com,https://www.wgauradio.com/news/world/china-exerts-tight/N2XHJSQZLM3A7PQIPYODYFIF7I/,,identity_unresolved,,,15b77b85e758cd4eeae202ade0492f1bb92b8fda3b979056906ef33b6e9b338a,,
047c79a632421b097cda2d2f7ba563c88af5ccf4b16a43b1e225b161e95a8fc3,FOOD_SECURITY,2015,farmweekly.com.au,http://www.farmweekly.com.au/news/agriculture/agribusiness/general-news/ag-could-fill-mining-gap-twiggy/2724586.aspx,https://www.farmweekly.com.au/news/agriculture/agribusiness/general-news/ag-could-fill-mining-gap-twiggy/2724586.aspx,identity_unresolved,,,a8c8fbfa5e9c55fad5108b9b3dd0084f2a6ffcf8a614eaee7bf7da140650840f,,
61c7c1dd513d1d62021d93228f909aef8a2d961f3e850dca97c21ac2b45a3642,FOOD_SECURITY,2015,oilprice.com,http://oilprice.com/Latest-Energy-News/World-News/Russian-Defiance-Could-Lead-To-A-Multipolar-World.html,https://oilprice.com:443/Latest-Energy-News/World-News/Russian-Defiance-Could-Lead-To-A-Multipolar-World.html,identity_probable_manual_review_required,,,897d88ef2fd2b54d67cc30a63579779983691254c13478e8554c08b7efffc3d3,,
6689bed2ac9519ec158c1c29c09e24dade086173e67bbb48993b6b206162789a,FOOD_SECURITY,2015,baltimorestar.com,http://www.baltimorestar.com/index.php/sid/230687461,http://www.baltimorestar.com/index.php/sid/230687461,identity_unresolved,,,8f602814d15e967ac799fb8648f1e7106a39c4831c964cdac9f8252f60f684c9,,
9b2f368a7645a4634586efe79c430c280247dd68fcd1621be524760596decef4,FOOD_SECURITY,2015,bignewsnetwork.com,http://www.bignewsnetwork.com/index.php/sid/230687461,,identity_unresolved,,,6c674e2ad7184ec7c8677710bfcb87862d3da3bc9daab01eac1d13a3311c86e6,,
1b60e13ed7c68022932bfda77c59528a839c5779392a5c0c28cd90b3ccd7f427,FOOD_SECURITY,2015,tipperarystar.ie,http://www.tipperarystar.ie/news/local-news/the-cormack-brothers-funeral-re-enacted-1-2263554,http://www.tipperarystar.ie/news/local-news/the-cormack-brothers-funeral-re-enacted-1-2263554,identity_unresolved,,,23521513494a82e8fcefd5fb92cd20c90e0c8079185333990dd901667ebea114,,
d4d93915441c3205430867a65f863eb808d4b3a0c7146c3bf246c73f54d5a088,FOOD_SECURITY,2015,irishsun.com,http://www.irishsun.com/index.php/sid/230687461,,identity_unresolved,,,725ad11d6205800c86fd8e2f876f4d0932598ef68933c897955e63c2e3059d21,,
c09ccb25337d66a3c7ab32fe5ef4f8aef1f15aefa7f6b35c168999aba92326ba,FOOD_SECURITY,2016,postandcourier.com,http://www.postandcourier.com/20160905/160909881/abroad-or-at-home-members-of-sc-congressional-delegation-stay-busy-this-summer,http://www.postandcourier.com/20160905/160909881/abroad-or-at-home-members-of-sc-congressional-delegation-stay-busy-this-summer,identity_unresolved,,,4dbca3e2c3c3525e45785ffc9ef25cec61be273547da9aeb33022e18a9cdad3a,,
fd2cbd0e4449fa4106c218c83ed290ae087dc85f4bcb6578ddd2d03f0552cf72,FOOD_SECURITY,2016,philippinetimes.com,http://www.philippinetimes.com/index.php/sid/247366745,http://www.philippinetimes.com/index.php/sid/247366745,identity_unresolved,,,64aaef32cdd74d579fc176f5b09ece1d416da91f76eb93d70a9cf2b4482236a9,,
a1965ca8bce4de67175294302f4bdb5960145e91cb6092cf0637de575baeb74b,FOOD_SECURITY,2016,1290wlby.com,http://www.1290wlby.com/news/could-this-fruit-solve-an-impending-chocolate-crisis/,http://www.1290wlby.com/news/could-this-fruit-solve-an-impending-chocolate-crisis/,identity_unresolved,,,120e607a89cf4a3d78b38d77e989c2485e3758af7d6b44616fe8c531f9d0eff0,,
0b1130f7ad0ae9a829493fa8ee618f5ba18266ca1170716068f36c46b3169e41,FOOD_SECURITY,2016,yorkshirepost.co.uk,http://www.yorkshirepost.co.uk/news/opinion/professor-brian-cantor-harnessing-power-of-our-universities-1-8105123,http://www.yorkshirepost.co.uk/news/opinion/professor-brian-cantor-harnessing-power-of-our-universities-1-8105123,identity_unresolved,,,217d4f7ea565d23274fc3e803905457eb686ff4a339d0f45ad47178529e4e7b7,,
48f81f5d8b346a0f90f94f5e46cc0dd50b480a08364aa17f8f9361750c1a817d,FOOD_SECURITY,2016,lubbockonline.com,http://lubbockonline.com/world/2016-09-05/nigerian-military-some-officers-selling-arms-boko-haram,http://lubbockonline.com/world/2016-09-05/nigerian-military-some-officers-selling-arms-boko-haram,identity_unresolved,,,41044977ebb777e2159b2e1dfbcf415ac11b8c459292a110f906edbe11419f1d,,
98dcd270cc12baf9fc6f795a688b8698f6c66e08ee717c343dc067db93490b4e,FOOD_SECURITY,2016,newsday.co.zw,https://www.newsday.co.zw/2016/09/05/mliswa-orders-zanu-pf-stop-vote-buying/,https://www.newsday.co.zw/2016/09/05/mliswa-orders-zanu-pf-stop-vote-buying/,identity_unresolved,,,897e7131b4546fa511a5b5d019107a18a85cd8be48086fc82995fac378387a5b,,
d9412468aefbb2d17e23172a9a3ca49cea98b19afcb6a8b42f91e21c17046754,FOOD_SECURITY,2020,nytimes.com,https://www.nytimes.com/aponline/2020/09/05/world/africa/ap-un-united-nations-famine-threats.html,,identity_unresolved,,,54e012e8fa3f7da9dab103ec6ee55a4fb4d90262bc4fbc79188abadd87bd3072,,
edbc803ec616278c7558e78af730e80e569da4259c446e53115641ec1aa59408,FOOD_SECURITY,2020,reliefweb.int,https://reliefweb.int/report/zimbabwe/world-bank-supports-continued-health-services-provision-cylclone-idai-affected,https://reliefweb.int/report/zimbabwe/world-bank-supports-continued-health-services-provision-cylclone-idai-affected,identity_probable_manual_review_required,,,08fcb80b272efac86a6cad1136f818b815f83f5d32ccb74619a81535f93e6b6e,,
bd6e88ff1b6d512f5730b9368856f353b2e555d29cc5f777226dd686ab1f19da,FOOD_SECURITY,2020,sfgate.com,https://www.sfgate.com/news/article/World-s-loneliest-elephant-okayed-to-quit-zoo-15545114.php,https://www.sfgate.com/news/article/World-s-loneliest-elephant-okayed-to-quit-zoo-15545114.php,identity_unresolved,,,23daa2187dac4e6a152120a28f5484cccc2b9504d722fd2f6a6f0c1fa81769d2,,
a50918464bb45b26b992778dbaf6ea878961952b1045f12e98d467b78b0192fa,FOOD_SECURITY,2020,qt.com.au,https://www.qt.com.au/news/top-aussie-doctors-dash-to-save-babies-in-new-covi/4093371/,https://www.couriermail.com.au/news/queensland//news-story/c09a660802abf261691ca1f9ce63b357,identity_unresolved,,,d577d34fcd5a2041a56883b5fdba1298ae86f57c469576abfc95bfc1b5b310f2,,
1ca0d9908da30880e8ddfc4294de49c9457170df4ffe31ce552f7691158baca3,FOOD_SECURITY,2020,sandiegouniontribune.com,https://www.sandiegouniontribune.com/news/nation-world/story/2020-09-05/worlds-loneliest-elephant-okayed-to-quit-zoo-for-new-life,,identity_unresolved,,,bf2fc584b6ca425d54e2a7c42f9fe96b2fd45078b03a97f0bd7a5ffbc5e65671,,
aea5635522e9f2d9acf16ec8b73ffcf61d002b111b575b1a5aac0fe5e81311cb,FOOD_SECURITY,2020,ballinaadvocate.com.au,https://www.ballinaadvocate.com.au/news/top-aussie-doctors-dash-to-save-babies-in-new-covi/4093371/,https://www.dailytelegraph.com.au/news/nsw//news-story/c09a660802abf261691ca1f9ce63b357,identity_unresolved,,,43aa4745743e08e7cc5decb88311a822f100560d3f2a99931aa42d5e61bd0b31,,
46f6c00d1367e3bd073f44a6748bdebf0ce2fa9dd68f9411fed8a6abd03872b5,FOOD_SECURITY,2023,allafrica.com,https://allafrica.com/stories/202309050672.html,https://allafrica.com/stories/202309050672.html,identity_unresolved,,,ddb37901b4a408bde6791958ab26d0ae0d70db503bf3a5a22acb0df3f52a4385,,
84d8009c0fa61a71aa29ba881f56454fd1eed6fc52e7eba74e3ce547c053431b,FOOD_SECURITY,2023,kitco.com,https://www.kitco.com/news/2023-09-05/Latest-market-sensitive-news-and-views-Sept-5.html,https://www.kitco.com/news/2023-09-05/Latest-market-sensitive-news-and-views-Sept-5.html,identity_unresolved,,,a1edee06f65e02f5ad7b5053be3459021f5f9290625ab2405da194135165f468,,
8211f8d16be8d7eabddd806e639073a8af280b83a620d70bb5fa094b1a2d9433,FOOD_SECURITY,2023,rabble.ca,https://rabble.ca/political-action/why-is-mpp-sylvia-jones-hiding-from-dufferin-caledon-constituents/,https://rabble.ca/political-action/why-is-mpp-sylvia-jones-hiding-from-dufferin-caledon-constituents/,identity_unresolved,,,774eeaa03f098aac1f1d12dfc9085b7ab53eb40e0cf4026d61f667f6e4817178,,
9dabe88f50f13946b4300f59fdf7e38a77f14607faf2ea0e327be8da96bd3a95,FOOD_SECURITY,2023,abc13.com,https://abc13.com/millions-of-dollars-pledged-as-africas-landmark-climate-summit-ent/13738625/,https://abc13.com/post/millions-of-dollars-pledged-as-africas-landmark-climate-summit-ent/13738625/?userab=kfsn_content_recs-582*variant_a_control_kfsn-2512%2Ckabc_content_recs-577*variant_c_trending-2482%2Cwls_content_recs-584*variant_b_trending_wls-2517%2Cwtvd_content_recs-585*variant_b_trending_wtvd-2519%2Cktrk_content_recs-587*variant_b_trending_ktrk-2523%2Cwpvi_content_recs-586*variant_b_trending_wpvi-2521%2Cotv_web_content_rec-539*variant_c_trending-2268%2Cotv_web_topic-580*variant_b_topic_redesign-2509%2Cfollow_abcnews_otv_on_google-654*variant_a_control-3493%2Cotv_search_page_design_unification-546*variant_b_search_redesign-2300%2Cvertical_video_web-519*control-2163%2Cabcn_popular_reads_exp_followup-648*variant_c_autotagswpopularity-3458%2Cotv_mobile_web_content_recs-639*variant_a_control-3429%2Ckgo_content_recs-583*variant_a_control_kgo-2514%2Cotvlink_abcnnav-576*variant_a_control-2478,identity_mismatch,,,481dae3792feedc7dbc53428e26602af69f25e0731545141ee58a9b51bf7d1d9,,
eb1ebf5f941b79628ac2d4238285747436e9d2f612f92e5bba43c89c9187815d,FOOD_SECURITY,2023,saudigazette.com.sa,https://saudigazette.com.sa/article/635545/World/Asia/Afghanistan-WFP-forced-to-cut-food-aid-for-2-million-more,https://saudigazette.com.sa/article/635545/World/Asia/Afghanistan-WFP-forced-to-cut-food-aid-for-2-million-more,identity_mismatch,,,9274c73edd3cf2bb85139a1b691bfe0e23e51528d1a9436be57e7364d7249938,,
d2f2429cee105b038986907bf31559586cc4566054cb47243d461c62a86e6f1a,FOOD_SECURITY,2023,people.com,https://people.com/loneliest-lion-rescued-closed-zoo-moved-south-africa-sanctuary-7965449,,identity_unresolved,,,0e44df65db305c0ebbd6fa074f453b2fc94c003450ec345239df038b0fb195ea,,
5235c5fb13f9eb1a18d1b3c65a597416893512972ee99b1b011fb6a08604b7d2,FOOD_SECURITY,2025,wsvn.com,https://wsvn.com/news/local/broward/humana-foundation-and-feeding-south-florida-team-up-to-help-feed-struggling-families-in-south-florida/,,identity_unresolved,,,12a20173f14c790fb7055bb481fa704a14080eb41a7505047f81718236d20314,,
52beabf9e44844f154b94b379536c409e258c65970f90f96d461f3eb5d5db168,FOOD_SECURITY,2025,thebusinessjournal.com,https://thebusinessjournal.com/the-latest-doj-investigates-mortgage-fraud-claims-against-federal-reserve-governor-ap-source-says/,https://thebusinessjournal.com/the-latest-doj-investigates-mortgage-fraud-claims-against-federal-reserve-governor-ap-source-says/,identity_unresolved,,,ca02358d392fbb08be1a037052894f9688bf3c025e39a6976ff43ec2b400660e,,
9443d204438f5a3213b4c7b39aec856ba8ae66e5a2d383b5e89817bb4a6b1cc5,FOOD_SECURITY,2025,visayandailystar.com,https://visayandailystar.com/gmo-ordinance-to-harmonize-with-national-policy-capitol/,https://visayandailystar.com/gmo-ordinance-to-harmonize-with-national-policy-capitol/,identity_confirmed,,• GILBERT P. BAYORAN,12288c82f6397b24afb64ab2b0b469eafe0052fa2b40ce2dd2c63017d08731f3,,
f31c1dbff865c47537ab55a4e0b1337ed1b9e437f55ed691767e871660b539cf,FOOD_SECURITY,2025,dailyexcelsior.com,https://www.dailyexcelsior.com/five-things-everyone-should-know-about-weight-loss/,,identity_unresolved,,,14d06e699b986ff02fe1952a513225b0aad96a7967ede828bf6af217cffebae6,,
bd15553ad11249ff596865b3989d098c94ada012f3e1d97e68f7dfc2883d246a,FOOD_SECURITY,2025,wctv.tv,https://www.wctv.tv/2025/09/04/give-them-access-new-grocery-store-griffin-heights-aims-develop-local-economy/,https://www.wctv.tv/2025/09/04/give-them-access-new-grocery-store-griffin-heights-aims-develop-local-economy/,identity_probable_manual_review_required,,,ecff561bfa93c028183052d992427a2e6b41bae0d0ecc38214798f86e7ce7440,,
a788149d055b5e249b988a352aece041a8a378d686f2d3422cc8173c79778a2e,FOOD_SECURITY,2025,newsghana.com.gh,https://www.newsghana.com.gh/ghana-onion-farmers-push-for-import-restrictions-amid-market-struggles/,https://www.newsghana.com.gh/ghana-onion-farmers-push-for-import-restrictions-amid-market-struggles/,identity_unresolved,,,a7eb6b5ad4302e5c322c9eff38e8fdbd037a913dafcb09e8ce6fd9ee2c6173ef,,
d4facc7536d0904dae31b96da58d3aafe83cc7277de6d082519d89db9a492f95,FOOD_SECURITY,2026,bworldonline.com,https://bworldonline.com/economy/2026/08/05/768390/philguarantee-covered-agri-loans-up-43-in-first-half/,,identity_unresolved,,,b147810287ff30e294546e1ad1ba779a3d9770afe41f751da29bc3feec97e610,,
544d11e2fe2d02e978eb4f6c4e4910a4ca5acd309033e115b587195de2e5b7a1,FOOD_SECURITY,2026,prospect.org,https://prospect.org/2026/08/05/latin-america-hondurasgate-trump-bringing-back-imperialism/,https://prospect.org/2026/08/05/latin-america-hondurasgate-trump-bringing-back-imperialism/,identity_probable_manual_review_required,,,a7a9ec39fcc1ab96c6f6b66ac6844333f9addeb3beb5ccf5e42e136c4cf2f3b3,,
35754b2652d28b45330611710c88b9112668eca35b7f5aac581f6ca4020de303,FOOD_SECURITY,2026,hindustantimes.com,https://www.hindustantimes.com/ht-insight/international-affairs/strategic-imperatives-for-india-amid-pakistans-domestic-turmoil-101785929830615.html,https://www.hindustantimes.com/ht-insight/international-affairs/strategic-imperatives-for-india-amid-pakistans-domestic-turmoil-101785929830615.html,identity_unresolved,,,78c321b27df251afef737fe6c1b8c316261afdb094cf840f66bb7478c2ae4583,,
59c9df3a2eadb41ed8052c7036c763e8fd9d462f6ba8bc2767ac260ad23f8b4d,FOOD_SECURITY,2026,wyomingnews.com,https://www.wyomingnews.com/laramieboomerang/laramieboomerang/news/fremont-county-orchardist-sees-an-empty-harvest/article_a03ed221-c822-4beb-8640-813cc891be34.html,https://www.wyomingnews.com/laramieboomerang/laramieboomerang/news/fremont-county-orchardist-sees-an-empty-harvest/article_a03ed221-c822-4beb-8640-813cc891be34.html,identity_unresolved,,,c9d46fca11340f7796fcd917f3ca78ea70a8eec234055a5d0a56435daddc0318,,
374a5d91e1d48f34c1c096ce025537660995161964315da7473ebfd68cf8d2ca,FOOD_SECURITY,2026,latimes.com,https://www.latimes.com/entertainment-arts/business/story/2026-08-05/disneyland-magic-united-parental-leave-contract-negotiations,https://www.latimes.com/entertainment-arts/business/story/2026-08-05/disneyland-magic-united-parental-leave-contract-negotiations,identity_confirmed,,The Happiest Place on Earth is going to cost you more if you show up hungry.,3d6edd35e49f6cacd5a299d8763b92a6ef40d7a1df435abef8bb07e851278352,,
41b9e1bec9ffb39b62800d4e37d7e0e99aabc08844d46db718de9b4584993d36,FOOD_SECURITY,2026,theglobeandmail.com,https://www.theglobeandmail.com/business/article-bc-manitoba-regional-food-terminals-trade-war-grocery-prices/,,identity_unresolved,,,aeea10f59d25303876a3921052a17eb2daf5bada26f6bebf16ef5b9239a2ee89,,
e57372329cda46d28c0a73c0c736fe3ee4b972637c1fe25a4dbe705331b60948,FOOD_SECURITY,2026,havanatimes.org,https://havanatimes.org/news/international-news-briefs-for-friday-september-4-2026/,https://havanatimes.org/news/international-news-briefs-for-friday-september-4-2026/,identity_probable_manual_review_required,,,34e1c51e96e71d4da60ff549344eb7af22e316b0221498d3ac1f4c6fe5afea15,,
dc1e9443af210b2ca0ddcf94dc1af95068243c602cf873054b5de20863c5fea9,FOOD_SECURITY,2026,unionleader.com,https://www.unionleader.com/opinion/columnists/david-harsanyi-the-gaza-genocide-is-a-hoax/article_dacd2630-6a97-4db7-ad38-d83a60bdf75d.html,https://www.unionleader.com/opinion/columnists/david-harsanyi-the-gaza-genocide-is-a-hoax/article_dacd2630-6a97-4db7-ad38-d83a60bdf75d.html,identity_unresolved,,,e2d9bd39a428aa947212e353125d10443164bb8ac8395defe1bd022acc3be882,,
a6140896cd33c01e2e14e4fd8f9a44331ddc16f739648a5ffc945d5daa4fb1dc,FOOD_SECURITY,2026,thehindubusinessline.com,https://www.thehindubusinessline.com/news/world/how-engineers-in-a-whatsapp-group-are-guiding-nepals-tunnel-rescue-efforts/article71427042.ece,https://www.thehindubusinessline.com/news/world/how-engineers-in-a-whatsapp-group-are-guiding-nepals-tunnel-rescue-efforts/article71427042.ece,identity_probable_manual_review_required,,,4fa1c511578aa40117be5226352009eaf8958e3402457d5a8d056a57f03d62d1,,
13f3d308e1d23303104f02dbeb6adf8318695a6ccc962f8c48c7e6b5b3dfb350,FOOD_SECURITY,2026,freepressjournal.in,https://www.freepressjournal.in/world/maps-last-locations-500-experts-how-a-whatsapp-group-became-nepal-rescuers-lifeline,,identity_unresolved,,,2e116da8d75a47ca0d300a9000d63db4d7f6e15784012be9bdf6cb47fd6ef1be,,
3c78cf7b97823f712d589f8a4991a8270a2b04f3c79f2546f55db8f8023f49a3,WB_2747_UNEMPLOYMENT,2016,actionforex.com,http://www.actionforex.com/analysis/daily-forex-fundamentals/nfp-aftermath-20160905271095/,http://www.actionforex.com/analysis/daily-forex-fundamentals/nfp-aftermath-20160905271095/,identity_unresolved,,,20de102bb9466b49b17f2a3ffab21e5b7e1572801f43859e4b759fb8ed57bec0,,
144fa4dcca5c9b0b0e10d4d75d7652603832ff23bf92760aebc3861ba0fd7ca7,WB_2747_UNEMPLOYMENT,2016,msn.com,http://www.msn.com/en-nz/travel/tripideas/an-epic-road-trip-through-australias-cape-york/ar-AAivbrs,https://www.msn.cn/zh-cn,identity_mismatch,MSN,,99a8f4e1d687329fed3e2f745d8d2587661b7613eda04d3cdebeb9b2af63deae,,
745ce5ea9b3a0e51f50d97462aac8078fa91098c90b12e4e77414578a6310c67,WB_2747_UNEMPLOYMENT,2016,iol.co.za,http://www.iol.co.za/business/news/outlook-gloomy-as-infrastructure-spend-falls-short-2064399,https://iol.co.za/business-report/economy/2016-09-05-outlook-gloomy-as-infrastructure-spend-falls-short/,identity_mismatch,Outlook gloomy as infrastructure spend falls short,,ef85b016936ca0abd1eb026a70ef36a1785138753016d5ca462df3bcb17ed78a,,
9fc579509eb8b813bc28441a18f3f35a77454c6bf3b517d50cc0c6f070c3ccae,WB_2747_UNEMPLOYMENT,2016,withinnigeria.news,http://www.withinnigeria.news/new-un-report-shows-nigeria-deeply-divided/,http://www.withinnigeria.news/new-un-report-shows-nigeria-deeply-divided/,identity_unresolved,,,cd0457411004c4b4caf8d547c70c96b0cb532b9e63e0f80c33c80b4469fbb4e2,,
c53b0be8810a53fd1c46c0fa9107188b6dbdfc63af09b9cf9c5adabe43e981ec,WB_2747_UNEMPLOYMENT,2016,finanznachrichten.de,http://www.finanznachrichten.de/nachrichten-2016-09/38486308-asian-markets-in-positive-territory-020.htm,https://www.finanznachrichten.de/nachrichten-2016-09/38486308-asian-markets-in-positive-territory-020.htm,identity_probable_manual_review_required,Asian Markets In Positive Territory,,cbea0925fb3a7744a610482881df27d88cabee7481d9e1fbd2df6ccdc945bda3,,
3abc7068da84c135a0f8c2e64d7db048f0dc10c7d1a09cc9c0791e3a07c1dc5a,WB_2747_UNEMPLOYMENT,2016,chimpreports.com,http://www.chimpreports.com/govt-agencies-review-performance-at-munyonyo-retreat/,,identity_unresolved,,,4506b46e451ad032f61b5ce9304a9e9ae92a6cabb37cd8659f6f853309b184c4,,
e53aece2e1ca9300a1497bf6a9948547039eda8f6bc20d4e6b8a8107314a14ef,WB_2747_UNEMPLOYMENT,2016,nypost.com,http://nypost.com/2016/09/05/giuliani-ny-could-be-detroit-if-i-hadnt-turned-it-around/,,identity_unresolved,,,3655be379ddca91924294a236d707da57c8ad9f599162b21474f334dc2fbe3c6,,
893f9409781bc16c08b51bd4c36604c9635426fc13d743ca559a9cd1796118af,WB_2747_UNEMPLOYMENT,2016,itnnews.lk,http://www.itnnews.lk/lead_story/pm-reveals-of-plans-to-set-up-50-trade-zones-from-kandy-to-hambantota/,https://www.itnnews.lk/lead_story/pm-reveals-of-plans-to-set-up-50-trade-zones-from-kandy-to-hambantota/,identity_unresolved,,,a4ac1c7f6c388c09fa2392323a669b3be7ef7f4ceeddc592b1422b191d6b674c,,
3c5e776fc8d12f0e141e02af5b93b4aeaa51f6ee32dbe0c0466e5ee4bbd6cd54,WB_2747_UNEMPLOYMENT,2020,standard.net,https://www.standard.net/online_features/money_and_finance/five-ways-to-help-protect-yourself-from-unemployment-insurance-fraud/article_cf86e1c1-55d4-565f-abe6-8148b2a3eaad.html,https://www.standard.net/online_features/money_and_finance/five-ways-to-help-protect-yourself-from-unemployment-insurance-fraud/article_cf86e1c1-55d4-565f-abe6-8148b2a3eaad.html,identity_probable_manual_review_required,"News, Sports, Jobs - Standard-Examiner",,13d8f23b9f122bc11d84a5efb2aa363359fb82004303dd8be7a9ff03adc2243f,,
89d63a5c5eee9445a11b3bad606b12ab1e69dd826cc22ae8ca49f54ce99651c5,WB_2747_UNEMPLOYMENT,2020,suntimes.com,https://chicago.suntimes.com/2020/9/5/21399659/janice-schakowsky-congress-9th-district-democrat-nominee-house-rep-2020-election-incumbent-illinois,https://chicago.suntimes.com/2020/9/5/21399659/janice-schakowsky-congress-9th-district-democrat-nominee-house-rep-2020-election-incumbent-illinois,identity_unresolved,,,65aba484c23351fa64556aabe6ffd5fc952ab6787301a125c70b2368e441369e,,
8ff6299d38057a3d44f1ed9183cd79d2cbb9251e85f262e4b7639a6225686efb,WB_2747_UNEMPLOYMENT,2020,noosanews.com.au,https://www.noosanews.com.au/news/big-pandemic-mistake-scomo-made/4093364/,https://www.couriermail.com.au/news/queensland//news-story/146cb76f7aa3f6be659d607396cb6290,identity_unresolved,,,a5c6cb26ccd4a74908ff9e2220d5448fc2436fec24309e019c4dc4bf304f5e74,,
5c4aa90d7b080ec8063905db4414e74c31c17c3bfee3bd6e9e04c0cdad3400cb,WB_2747_UNEMPLOYMENT,2020,vanguardngr.com,https://www.vanguardngr.com/2020/09/they-turned-us-to-prostitutes-starved-us-for-days-libya-returnee-victims/,https://www.vanguardngr.com/2020/09/they-turned-us-to-prostitutes-starved-us-for-days-libya-returnee-victims/,identity_probable_manual_review_required,,,2aea74c53e627d2ac3023a0ab9963553b711ebeed3c6d4f40af94e77948971a6,,
4003276bc902657756b03f014f5b2466bee51f6f6ce3ed8ae6f6211e6daec9ee,WB_2747_UNEMPLOYMENT,2020,country93.ca,https://www.country93.ca/2020/09/05/unemployment-in-stratford-bruce-peninsula-region-rises-to-8-7-in-august/,https://www.country93.ca/2020/09/05/unemployment-in-stratford-bruce-peninsula-region-rises-to-8-7-in-august/,identity_unresolved,,,bf40b4f7af59aa44ef56c26e5efc5599af091466067c8ab57d5a9403deb5f932,,
a25c2794692f8bdb2a2595ff1300198f44695d1314fddc109a4f6d2c41992b3d,WB_2747_UNEMPLOYMENT,2020,belleplaineherald.com,http://www.belleplaineherald.com/online_features/money_and_finance/five-ways-to-help-protect-yourself-from-unemployment-insurance-fraud/article_e727e400-9c8b-56f7-928e-f7806613783f.html,,identity_unresolved,,,900b05168d00b541ed1dc9bd41075f4ec3da3da4d3d76cc36bece90b112eec72,,
115997f2ba869baf7d911a328daba65dae90e55124d954ed81f4eb4f335710d4,WB_2747_UNEMPLOYMENT,2020,prairiepost.com,https://www.prairiepost.com/online_features/money_and_finance/five-ways-to-help-protect-yourself-from-unemployment-insurance-fraud/article_7418b62c-d5c3-5abb-8b5f-edf8f405fd92.html,https://prairiepost.com/online_features/money_and_finance/five-ways-to-help-protect-yourself-from-unemployment-insurance-fraud/article_7418b62c-d5c3-5abb-8b5f-edf8f405fd92.html,identity_unresolved,,,7dadbe0b523c37c5edfdd2ccbf534dbdaf7aa7016f299bdfad0c9b821afd227a,,
b1d882250be6684c051e1097a123253f2547fefaf978215d5884f759677cf783,WB_2747_UNEMPLOYMENT,2020,dailymercury.com.au,https://www.dailymercury.com.au/news/big-pandemic-mistake-scomo-made/4093364/,https://www.couriermail.com.au/news/queensland//news-story/146cb76f7aa3f6be659d607396cb6290,identity_unresolved,,,33d01354ba6159e08c773f1c795b8394e84aa2056b1fad3dc6ec89eb4fe2b04b,,
2485b3733f5a41a3244eac8d6fa53fdb4bef5fc7cb95e6177809b76ff7481d46,WB_2747_UNEMPLOYMENT,2023,news4jax.com,https://www.news4jax.com/news/local/2023/09/05/florida-lottery-winners-are-losing-money-to-deo-overpayments-has-this-happened-to-you/,https://www.news4jax.com/news/local/2023/09/05/florida-lottery-winners-are-losing-money-to-deo-overpayments-has-this-happened-to-you/,identity_probable_manual_review_required,,,7d003601d4d608ea794dc0d599c71b29bf1b4f7b387df310b63c01822e17d0fb,,
0fd714ec6f9e19912344472e8d9ee929d221dcecbfcb9089ffcc7ff5af1461e1,WB_2747_UNEMPLOYMENT,2023,capitalandmain.com,https://capitalandmain.com/after-a-century-oil-and-gas-problems-persist-on-navajo-lands,https://capitalandmain.com/after-a-century-oil-and-gas-problems-persist-on-navajo-lands,identity_unresolved,,,7eb1f2fb76b746f5420d823528f863eb9870605146433f06ecf862ab0be117b7,,
c60f574ee6f89eceb99639cf64f8b9ba5a2d1a99373976b1ae89d3a2f4e01027,WB_2747_UNEMPLOYMENT,2023,bankerandtradesman.com,https://bankerandtradesman.com/qa-atlanta-fed-president-sees-rates-staying-higher-for-longer/,,identity_unresolved,,,e747ac42ad90e47b171a79020bd8aa15485de82515229aa905d965f43438616e,,
b909e630a4a5714a13061d4a31b5c28790e188aeaa895626025c6c9540e360c1,WB_2747_UNEMPLOYMENT,2023,breitbart.com,https://www.breitbart.com:443/politics/2023/09/04/economist-wolfers-polling-gop-on-the-economy-pointless-dislike-of-biden-slants-answers/,,identity_unresolved,,,681a57938ef849a4a13906c71f1f33cc3a9ba33af9d9dc302b07758a75bb386c,,
4a9e7676f94c18a46c5cfcd31eaa532d02494e54be8128c96ef6bdfcd580af66,WB_2747_UNEMPLOYMENT,2023,marketscreener.com,https://www.marketscreener.com/news/latest/U-S-Conference-Board-s-Employment-Trends-Index-Points-to-Cooler-Jobs-Market--44773882/,https://www.marketscreener.com/news/latest/U-S-Conference-Board-s-Employment-Trends-Index-Points-to-Cooler-Jobs-Market--44773882/,identity_unresolved,,,eca5f8daf6fa92fd636b76e4ffcb58ad518745f59c0bab43e6c49f3f087c44c8,,
86378f3e1d8e52319c6d304c033a9d2f4336fe13d22142287b6660c35d96cad7,WB_2747_UNEMPLOYMENT,2023,nsnews.com,https://www.nsnews.com/the-mix/political-pressure-to-stop-rate-hikes-now-coming-from-premiers-as-boc-decision-nears-7496975,https://www.nsnews.com/the-mix/political-pressure-to-stop-rate-hikes-now-coming-from-premiers-as-boc-decision-nears-7496975,identity_unresolved,,,066213342e8605292625e8de380bf4215a56bb6521281648bac04367c1020e9e,,
25d96925999e7561ffc3cce7d7a1dd3274feac09fce9cc62d388be02bc543f40,WB_2747_UNEMPLOYMENT,2023,dailydemocrat.com,https://www.dailydemocrat.com/2023/09/05/econometer-is-the-federal-reserve-correct-in-considering-additional-rate-hikes/,,identity_unresolved,,,bf16819392af7361cfffcd71a6aa2f00f9bc94020fad2b1010874cbe87a28750,,
a23aeebff2d5ecb0eb4f28435b5a8c472cbde059880e59137483b3df58e293e3,WB_2747_UNEMPLOYMENT,2023,bignewsnetwork.com,https://www.bignewsnetwork.com/news/273956208/18th-g20-summit-an-opportunity-to-build-a-more-resilient-global-economy,,identity_unresolved,,,dbc7494479819595065685259797ca634c6d791086b24261157578c6aa35b578,,
0272f5478a96a5e6f01ab04e0d6fc49af19dfc4a6270bb4d04669fb24163862b,WB_2747_UNEMPLOYMENT,2025,tpr.org,https://www.tpr.org/economy-and-labor/2025-09-04/san-antonio-built-tundra-and-sequoia-sales-take-august-hits,,identity_unresolved,,,6c54a26bb24d7503328527b049b8aa02b40e04d86ce4fb6e17cabb64942fb4cd,,
09a5c5dd5c71b7ed7fca3f7a45a7a0fc4470fd0c85920dd307dad06386f31c76,WB_2747_UNEMPLOYMENT,2025,forbes.com,https://www.forbes.com/sites/andreahill/2025/09/04/emerging-business-trends-what-if-tariffs-and-ai-meet-baby-boom/,,identity_unresolved,,,3b959c9620c9aad02ba5b2bada621cc80e609e0a5e23d967494877f8e2fcf986,,
e15651ebd4184bdde2f071607954273b17ccaa2362b10748b94375067ec06a7e,WB_2747_UNEMPLOYMENT,2025,richmond-news.com,https://www.richmond-news.com/national-news/eby-says-temporary-foreign-worker-program-should-be-scrapped-or-reformed-11166793,https://www.richmond-news.com/national-news/eby-says-temporary-foreign-worker-program-should-be-scrapped-or-reformed-11166793,identity_unresolved,,,00b28a41b4923471515fa89605248e5d0d035d69c5d41e907daae811da14411b,,
aea66d5913da5094e0caae0a970e444817f5d74ca57929b2e8639634ff627f87,WB_2747_UNEMPLOYMENT,2025,rttnews.com,https://www.rttnews.com/3571806/win-streak-may-continue-for-south-korea-shares.aspx,,identity_unresolved,,,5b9ad992ac292ec4dac8977d26c81f0e76860aef1a3c8cde2be6719ef652d7e4,,
a27bb4908112d236688d0ed8fd4a74dcaac59023958f2608deeb7a603273550e,WB_2747_UNEMPLOYMENT,2025,marketscreener.com,https://www.marketscreener.com/news/s-p-notches-record-high-close-as-data-keeps-rate-cut-views-intact-ce7d59d8de8af622,https://www.marketscreener.com/news/s-p-notches-record-high-close-as-data-keeps-rate-cut-views-intact-ce7d59d8de8af622,identity_unresolved,,,f4cd706d92182634bf5a5a805217c161c8b5dadb1315f1f1c36622bea15732f8,,
679de0067dad218eb1b0f60d5141f8f45db43cf905665f9972c6edcdbc20db48,WB_2747_UNEMPLOYMENT,2025,bramptonguardian.com,https://www.bramptonguardian.com/news/canada-youth-unemployment/article_a61c9b49-bf0b-5b53-a49c-87a2f725776d.html,,identity_unresolved,,,eec4c097a4625e54e307fc6d930af0a222573afd93875805d03d04ea3618257e,,
3971850d00836d8a487c96f2128ac0ebd040bd5cee818d70c42939f90c377d57,WB_2747_UNEMPLOYMENT,2025,marketpulse.com,https://www.marketpulse.com/markets/market-wrap-for-the-north-american-session-september-4/,https://www.marketpulse.com/markets/market-wrap-for-the-north-american-session-september-4/,identity_probable_manual_review_required,,,05ebd5cce8bbbf2c2eb10aa94c0b4f857a757ef19fe570893f44170bfde7ca22,,
4a49bcb96efb6bb55f9f38cf1604ea718060122e35aaa7cce44cf4699c074e4e,WB_2747_UNEMPLOYMENT,2025,stcatharinesstandard.ca,https://www.stcatharinesstandard.ca/news/canada-youth-unemployment/article_440632b5-adbf-535c-b4ae-1e3d85e89b38.html,,identity_unresolved,,,2b0fe497412d9dce55cb04972a6e304216a595b061c099e76edd81c639c08542,,
5caab4991202569bf3f209a50d6851d4f2273ff4f3a314862ae786895ba62ded,WB_2747_UNEMPLOYMENT,2026,theweek.in,https://www.theweek.in/news/india/2026/08/05/will-cjp-fight-upcoming-elections-abhijeet-dipke-confirms-crucial-decision-after-core-team-meet.html,,identity_unresolved,,,6966633b7de51cf09d6bd048e73c9580bf127819502a88919c348468b4186026,,
c15f06edc3155a5fe7f3029128d4ca4c5a5a6f6053275a6a4ac9e49d321338d3,WB_2747_UNEMPLOYMENT,2026,christianpost.com,https://www.christianpost.com/voices/why-are-prices-still-so-high-tracing-it-back-to-one-root-cause.html,,identity_unresolved,,,163d374a24808459cc3ea7c536efb760efaeb6bbe42d4cf9c48e3d1c2d160cbe,,
f61e65730a7e0838181a51b7b5d50b138a551cc15b5bdcd9f442c88caeef2e8f,WB_2747_UNEMPLOYMENT,2026,thesun.ng,https://thesun.ng/obi-slams-tinubu-over-attacks-on-catholic-bishops/,https://thesun.ng/obi-slams-tinubu-over-attacks-on-catholic-bishops/,identity_unresolved,,,7dfaef3f808bb7dd52952179a8800882fef65715b42a7a2cd359fe012a6e9ec0,,
e2a8726e66aabb9c17236bdeb90ff6e6b1e1414ceeb5516d9c8aad8a8f9e6826,WB_2747_UNEMPLOYMENT,2026,standardmedia.co.ke,https://www.standardmedia.co.ke/rift-valley/article/2001554589/decline-in-lake-naivasha-fish-stocks-sparks-calls-for-annual-fishing-ban,https://www.standardmedia.co.ke/rift-valley/article/2001554589/decline-in-lake-naivasha-fish-stocks-sparks-calls-for-annual-fishing-ban,identity_probable_manual_review_required,,,0d0838476669b8ead75c6bfa15c3688e35246f4b613343c8667f2ac4d16ab96f,,
9f8db6b75f5c0051eed87eb830e6e60dcf761759471b017beb84c5829dce74d7,WB_2747_UNEMPLOYMENT,2026,lethbridgeherald.com,https://lethbridgeherald.com/news/national-news/2026/09/04/heres-a-quick-glance-at-unemployment-rates-for-august-by-canadian-city/,https://lethbridgeherald.com/news/national-news/2026/09/04/heres-a-quick-glance-at-unemployment-rates-for-august-by-canadian-city/,identity_probable_manual_review_required,,,f02516d62e203d1f5815d0807f603fe09f5ddd5d18fe4cc2bdcb93514f2a0bb5,,
9ef53dc18a11b1107a647161781fba5bcadad538e2e52200b5ef54cd0ab7ff3b,WB_2747_UNEMPLOYMENT,2026,wsws.org,https://www.wsws.org/en/articles/2026/09/04/nyjg-s04.html,,identity_unresolved,,,d7f0fa2a6cfee97ff79afe79c8d9877bf29d0fffa25b28647c43f206d8c4db7a,,
1e3cee9fa560ccfa1139252d0c3010e817db8c535a2c24090748cad47855310d,WB_2747_UNEMPLOYMENT,2026,zerohedge.com,https://www.zerohedge.com/markets/futures-yields-flat-ahead-august-jobs-report,,identity_unresolved,,,a19843d23f9f750b292339e8b423d6f95b0c5a23bd6d4ae0f5d52143a36efe9f,,
b665673d306568e903dd6499c3bd5ff5f6b6ddde960b33fec5a2a94d9f6cdd36,WB_2747_UNEMPLOYMENT,2026,moneycontrol.com,https://www.moneycontrol.com/world/us-debt-keeps-climbing-is-the-bond-market-finally-losing-patience-article-14022849.html,https://www.moneycontrol.com/world/us-debt-keeps-climbing-is-the-bond-market-finally-losing-patience-article-14022849.html,identity_probable_manual_review_required,,,5be49449a834e4a44c94708c94c05e35e4cb0914a377fea2c2c756ed430000dd,,
